<annotation>
	<folder>laptop</folder>
	<filename>0.jpg</filename>
	<path>/home/lucas/Desktop/datazet/images/laptop/0.jpg</path>
	<source>
		<database>Unknown</database>
	</source>
	<size>
		<width>224</width>
		<height>224</height>
		<depth>3</depth>
	</size>
	<segmented>0</segmented>
	<object>
		<name>laptop</name>
		<pose>Unspecified</pose>
		<truncated>0</truncated>
		<difficult>0</difficult>
		<bndbox>
			<xmin>15</xmin>
			<ymin>114</ymin>
			<xmax>98</xmax>
			<ymax>160</ymax>
		</bndbox>
	</object>
</annotation>
