<annotation>
	<folder>laptop</folder>
	<filename>1.jpg</filename>
	<path>/home/lucas/Desktop/datazet/images/laptop/1.jpg</path>
	<source>
		<database>Unknown</database>
	</source>
	<size>
		<width>224</width>
		<height>224</height>
		<depth>3</depth>
	</size>
	<segmented>0</segmented>
	<object>
		<name>laptop</name>
		<pose>Unspecified</pose>
		<truncated>0</truncated>
		<difficult>0</difficult>
		<bndbox>
			<xmin>60</xmin>
			<ymin>162</ymin>
			<xmax>82</xmax>
			<ymax>172</ymax>
		</bndbox>
	</object>
</annotation>
