<annotation>
	<folder>laptop</folder>
	<filename>104.jpg</filename>
	<path>/home/lucas/Desktop/datazet/images/laptop/104.jpg</path>
	<source>
		<database>Unknown</database>
	</source>
	<size>
		<width>224</width>
		<height>224</height>
		<depth>3</depth>
	</size>
	<segmented>0</segmented>
	<object>
		<name>laptop</name>
		<pose>Unspecified</pose>
		<truncated>0</truncated>
		<difficult>0</difficult>
		<bndbox>
			<xmin>121</xmin>
			<ymin>80</ymin>
			<xmax>216</xmax>
			<ymax>190</ymax>
		</bndbox>
	</object>
	<object>
		<name>laptop</name>
		<pose>Unspecified</pose>
		<truncated>0</truncated>
		<difficult>0</difficult>
		<bndbox>
			<xmin>55</xmin>
			<ymin>30</ymin>
			<xmax>172</xmax>
			<ymax>164</ymax>
		</bndbox>
	</object>
</annotation>
