<annotation>
	<folder>laptop</folder>
	<filename>107.jpg</filename>
	<path>/home/lucas/Desktop/datazet/images/laptop/107.jpg</path>
	<source>
		<database>Unknown</database>
	</source>
	<size>
		<width>224</width>
		<height>224</height>
		<depth>3</depth>
	</size>
	<segmented>0</segmented>
	<object>
		<name>laptop</name>
		<pose>Unspecified</pose>
		<truncated>0</truncated>
		<difficult>0</difficult>
		<bndbox>
			<xmin>82</xmin>
			<ymin>124</ymin>
			<xmax>167</xmax>
			<ymax>205</ymax>
		</bndbox>
	</object>
	<object>
		<name>laptop</name>
		<pose>Unspecified</pose>
		<truncated>1</truncated>
		<difficult>0</difficult>
		<bndbox>
			<xmin>1</xmin>
			<ymin>107</ymin>
			<xmax>83</xmax>
			<ymax>185</ymax>
		</bndbox>
	</object>
</annotation>
