<annotation>
	<folder>laptop</folder>
	<filename>109.jpg</filename>
	<path>/home/lucas/Desktop/datazet/images/laptop/109.jpg</path>
	<source>
		<database>Unknown</database>
	</source>
	<size>
		<width>224</width>
		<height>224</height>
		<depth>3</depth>
	</size>
	<segmented>0</segmented>
	<object>
		<name>laptop</name>
		<pose>Unspecified</pose>
		<truncated>0</truncated>
		<difficult>0</difficult>
		<bndbox>
			<xmin>40</xmin>
			<ymin>33</ymin>
			<xmax>66</xmax>
			<ymax>48</ymax>
		</bndbox>
	</object>
	<object>
		<name>laptop</name>
		<pose>Unspecified</pose>
		<truncated>0</truncated>
		<difficult>0</difficult>
		<bndbox>
			<xmin>18</xmin>
			<ymin>159</ymin>
			<xmax>48</xmax>
			<ymax>178</ymax>
		</bndbox>
	</object>
</annotation>
