<annotation>
	<folder>laptop</folder>
	<filename>118.jpg</filename>
	<path>/home/lucas/Desktop/datazet/images/laptop/118.jpg</path>
	<source>
		<database>Unknown</database>
	</source>
	<size>
		<width>224</width>
		<height>224</height>
		<depth>3</depth>
	</size>
	<segmented>0</segmented>
	<object>
		<name>laptop</name>
		<pose>Unspecified</pose>
		<truncated>0</truncated>
		<difficult>0</difficult>
		<bndbox>
			<xmin>73</xmin>
			<ymin>59</ymin>
			<xmax>151</xmax>
			<ymax>115</ymax>
		</bndbox>
	</object>
	<object>
		<name>laptop</name>
		<pose>Unspecified</pose>
		<truncated>1</truncated>
		<difficult>0</difficult>
		<bndbox>
			<xmin>1</xmin>
			<ymin>174</ymin>
			<xmax>73</xmax>
			<ymax>224</ymax>
		</bndbox>
	</object>
</annotation>
