<annotation>
	<folder>laptop</folder>
	<filename>122.jpg</filename>
	<path>/home/lucas/Desktop/datazet/images/laptop/122.jpg</path>
	<source>
		<database>Unknown</database>
	</source>
	<size>
		<width>224</width>
		<height>224</height>
		<depth>3</depth>
	</size>
	<segmented>0</segmented>
	<object>
		<name>laptop</name>
		<pose>Unspecified</pose>
		<truncated>1</truncated>
		<difficult>0</difficult>
		<bndbox>
			<xmin>52</xmin>
			<ymin>21</ymin>
			<xmax>186</xmax>
			<ymax>224</ymax>
		</bndbox>
	</object>
</annotation>
