<annotation>
	<folder>laptop</folder>
	<filename>123.jpg</filename>
	<path>/home/lucas/Desktop/datazet/images/laptop/123.jpg</path>
	<source>
		<database>Unknown</database>
	</source>
	<size>
		<width>224</width>
		<height>224</height>
		<depth>3</depth>
	</size>
	<segmented>0</segmented>
	<object>
		<name>laptop</name>
		<pose>Unspecified</pose>
		<truncated>0</truncated>
		<difficult>0</difficult>
		<bndbox>
			<xmin>74</xmin>
			<ymin>121</ymin>
			<xmax>136</xmax>
			<ymax>167</ymax>
		</bndbox>
	</object>
</annotation>
