<annotation>
	<folder>laptop</folder>
	<filename>127.jpg</filename>
	<path>/home/lucas/Desktop/datazet/images/laptop/127.jpg</path>
	<source>
		<database>Unknown</database>
	</source>
	<size>
		<width>224</width>
		<height>224</height>
		<depth>3</depth>
	</size>
	<segmented>0</segmented>
	<object>
		<name>laptop</name>
		<pose>Unspecified</pose>
		<truncated>0</truncated>
		<difficult>0</difficult>
		<bndbox>
			<xmin>34</xmin>
			<ymin>34</ymin>
			<xmax>168</xmax>
			<ymax>220</ymax>
		</bndbox>
	</object>
</annotation>
