<annotation>
	<folder>laptop</folder>
	<filename>13.jpg</filename>
	<path>/home/lucas/Desktop/datazet/images/laptop/13.jpg</path>
	<source>
		<database>Unknown</database>
	</source>
	<size>
		<width>224</width>
		<height>224</height>
		<depth>3</depth>
	</size>
	<segmented>0</segmented>
	<object>
		<name>laptop</name>
		<pose>Unspecified</pose>
		<truncated>0</truncated>
		<difficult>0</difficult>
		<bndbox>
			<xmin>19</xmin>
			<ymin>82</ymin>
			<xmax>109</xmax>
			<ymax>192</ymax>
		</bndbox>
	</object>
	<object>
		<name>laptop</name>
		<pose>Unspecified</pose>
		<truncated>0</truncated>
		<difficult>0</difficult>
		<bndbox>
			<xmin>97</xmin>
			<ymin>25</ymin>
			<xmax>205</xmax>
			<ymax>183</ymax>
		</bndbox>
	</object>
</annotation>
