<annotation>
	<folder>laptop</folder>
	<filename>142.jpg</filename>
	<path>/home/lucas/Desktop/datazet/images/laptop/142.jpg</path>
	<source>
		<database>Unknown</database>
	</source>
	<size>
		<width>224</width>
		<height>224</height>
		<depth>3</depth>
	</size>
	<segmented>0</segmented>
	<object>
		<name>laptop</name>
		<pose>Unspecified</pose>
		<truncated>0</truncated>
		<difficult>0</difficult>
		<bndbox>
			<xmin>5</xmin>
			<ymin>2</ymin>
			<xmax>158</xmax>
			<ymax>216</ymax>
		</bndbox>
	</object>
</annotation>
