<annotation>
	<folder>laptop</folder>
	<filename>144.jpg</filename>
	<path>/home/lucas/Desktop/datazet/images/laptop/144.jpg</path>
	<source>
		<database>Unknown</database>
	</source>
	<size>
		<width>224</width>
		<height>224</height>
		<depth>3</depth>
	</size>
	<segmented>0</segmented>
	<object>
		<name>laptop</name>
		<pose>Unspecified</pose>
		<truncated>0</truncated>
		<difficult>0</difficult>
		<bndbox>
			<xmin>102</xmin>
			<ymin>116</ymin>
			<xmax>134</xmax>
			<ymax>149</ymax>
		</bndbox>
	</object>
	<object>
		<name>laptop</name>
		<pose>Unspecified</pose>
		<truncated>0</truncated>
		<difficult>0</difficult>
		<bndbox>
			<xmin>140</xmin>
			<ymin>130</ymin>
			<xmax>179</xmax>
			<ymax>165</ymax>
		</bndbox>
	</object>
</annotation>
