<annotation>
	<folder>laptop</folder>
	<filename>149.jpg</filename>
	<path>/home/lucas/Desktop/datazet/images/laptop/149.jpg</path>
	<source>
		<database>Unknown</database>
	</source>
	<size>
		<width>224</width>
		<height>224</height>
		<depth>3</depth>
	</size>
	<segmented>0</segmented>
	<object>
		<name>laptop</name>
		<pose>Unspecified</pose>
		<truncated>0</truncated>
		<difficult>0</difficult>
		<bndbox>
			<xmin>35</xmin>
			<ymin>74</ymin>
			<xmax>151</xmax>
			<ymax>222</ymax>
		</bndbox>
	</object>
</annotation>
