<annotation>
	<folder>laptop</folder>
	<filename>150.jpg</filename>
	<path>/home/lucas/Desktop/datazet/images/laptop/150.jpg</path>
	<source>
		<database>Unknown</database>
	</source>
	<size>
		<width>224</width>
		<height>224</height>
		<depth>3</depth>
	</size>
	<segmented>0</segmented>
	<object>
		<name>laptop</name>
		<pose>Unspecified</pose>
		<truncated>0</truncated>
		<difficult>0</difficult>
		<bndbox>
			<xmin>4</xmin>
			<ymin>93</ymin>
			<xmax>158</xmax>
			<ymax>140</ymax>
		</bndbox>
	</object>
</annotation>
