<annotation>
	<folder>laptop</folder>
	<filename>153.jpg</filename>
	<path>/home/lucas/Desktop/datazet/images/laptop/153.jpg</path>
	<source>
		<database>Unknown</database>
	</source>
	<size>
		<width>224</width>
		<height>224</height>
		<depth>3</depth>
	</size>
	<segmented>0</segmented>
	<object>
		<name>laptop</name>
		<pose>Unspecified</pose>
		<truncated>0</truncated>
		<difficult>0</difficult>
		<bndbox>
			<xmin>111</xmin>
			<ymin>80</ymin>
			<xmax>188</xmax>
			<ymax>158</ymax>
		</bndbox>
	</object>
</annotation>
