<annotation>
	<folder>laptop</folder>
	<filename>157.jpg</filename>
	<path>/home/lucas/Desktop/datazet/images/laptop/157.jpg</path>
	<source>
		<database>Unknown</database>
	</source>
	<size>
		<width>224</width>
		<height>224</height>
		<depth>3</depth>
	</size>
	<segmented>0</segmented>
	<object>
		<name>laptop</name>
		<pose>Unspecified</pose>
		<truncated>0</truncated>
		<difficult>0</difficult>
		<bndbox>
			<xmin>48</xmin>
			<ymin>83</ymin>
			<xmax>101</xmax>
			<ymax>132</ymax>
		</bndbox>
	</object>
	<object>
		<name>laptop</name>
		<pose>Unspecified</pose>
		<truncated>0</truncated>
		<difficult>0</difficult>
		<bndbox>
			<xmin>136</xmin>
			<ymin>64</ymin>
			<xmax>194</xmax>
			<ymax>121</ymax>
		</bndbox>
	</object>
</annotation>
