<annotation>
	<folder>laptop</folder>
	<filename>162.jpg</filename>
	<path>/home/lucas/Desktop/datazet/images/laptop/162.jpg</path>
	<source>
		<database>Unknown</database>
	</source>
	<size>
		<width>224</width>
		<height>224</height>
		<depth>3</depth>
	</size>
	<segmented>0</segmented>
	<object>
		<name>laptop</name>
		<pose>Unspecified</pose>
		<truncated>0</truncated>
		<difficult>0</difficult>
		<bndbox>
			<xmin>149</xmin>
			<ymin>98</ymin>
			<xmax>205</xmax>
			<ymax>160</ymax>
		</bndbox>
	</object>
</annotation>
