<annotation>
	<folder>laptop</folder>
	<filename>169.jpg</filename>
	<path>/home/lucas/Desktop/datazet/images/laptop/169.jpg</path>
	<source>
		<database>Unknown</database>
	</source>
	<size>
		<width>224</width>
		<height>224</height>
		<depth>3</depth>
	</size>
	<segmented>0</segmented>
	<object>
		<name>laptop</name>
		<pose>Unspecified</pose>
		<truncated>1</truncated>
		<difficult>0</difficult>
		<bndbox>
			<xmin>1</xmin>
			<ymin>3</ymin>
			<xmax>221</xmax>
			<ymax>219</ymax>
		</bndbox>
	</object>
</annotation>
