<annotation>
	<folder>laptop</folder>
	<filename>17.jpg</filename>
	<path>/home/lucas/Desktop/datazet/images/laptop/17.jpg</path>
	<source>
		<database>Unknown</database>
	</source>
	<size>
		<width>224</width>
		<height>224</height>
		<depth>3</depth>
	</size>
	<segmented>0</segmented>
	<object>
		<name>laptop</name>
		<pose>Unspecified</pose>
		<truncated>0</truncated>
		<difficult>0</difficult>
		<bndbox>
			<xmin>176</xmin>
			<ymin>171</ymin>
			<xmax>212</xmax>
			<ymax>192</ymax>
		</bndbox>
	</object>
</annotation>
