<annotation>
	<folder>laptop</folder>
	<filename>170.jpg</filename>
	<path>/home/lucas/Desktop/datazet/images/laptop/170.jpg</path>
	<source>
		<database>Unknown</database>
	</source>
	<size>
		<width>224</width>
		<height>224</height>
		<depth>1</depth>
	</size>
	<segmented>0</segmented>
	<object>
		<name>laptop</name>
		<pose>Unspecified</pose>
		<truncated>0</truncated>
		<difficult>0</difficult>
		<bndbox>
			<xmin>93</xmin>
			<ymin>123</ymin>
			<xmax>130</xmax>
			<ymax>161</ymax>
		</bndbox>
	</object>
</annotation>
