<annotation>
	<folder>laptop</folder>
	<filename>177.jpg</filename>
	<path>/home/lucas/Desktop/datazet/images/laptop/177.jpg</path>
	<source>
		<database>Unknown</database>
	</source>
	<size>
		<width>224</width>
		<height>224</height>
		<depth>3</depth>
	</size>
	<segmented>0</segmented>
	<object>
		<name>laptop</name>
		<pose>Unspecified</pose>
		<truncated>1</truncated>
		<difficult>0</difficult>
		<bndbox>
			<xmin>90</xmin>
			<ymin>45</ymin>
			<xmax>224</xmax>
			<ymax>197</ymax>
		</bndbox>
	</object>
</annotation>
