<annotation>
	<folder>laptop</folder>
	<filename>181.jpg</filename>
	<path>/home/lucas/Desktop/datazet/images/laptop/181.jpg</path>
	<source>
		<database>Unknown</database>
	</source>
	<size>
		<width>224</width>
		<height>224</height>
		<depth>3</depth>
	</size>
	<segmented>0</segmented>
	<object>
		<name>laptop</name>
		<pose>Unspecified</pose>
		<truncated>0</truncated>
		<difficult>0</difficult>
		<bndbox>
			<xmin>95</xmin>
			<ymin>58</ymin>
			<xmax>140</xmax>
			<ymax>83</ymax>
		</bndbox>
	</object>
</annotation>
