<annotation>
	<folder>laptop</folder>
	<filename>190.jpg</filename>
	<path>/home/lucas/Desktop/datazet/images/laptop/190.jpg</path>
	<source>
		<database>Unknown</database>
	</source>
	<size>
		<width>224</width>
		<height>224</height>
		<depth>3</depth>
	</size>
	<segmented>0</segmented>
	<object>
		<name>laptop</name>
		<pose>Unspecified</pose>
		<truncated>0</truncated>
		<difficult>0</difficult>
		<bndbox>
			<xmin>11</xmin>
			<ymin>89</ymin>
			<xmax>142</xmax>
			<ymax>215</ymax>
		</bndbox>
	</object>
</annotation>
