<annotation>
	<folder>laptop</folder>
	<filename>192.jpg</filename>
	<path>/home/lucas/Desktop/datazet/images/laptop/192.jpg</path>
	<source>
		<database>Unknown</database>
	</source>
	<size>
		<width>224</width>
		<height>224</height>
		<depth>3</depth>
	</size>
	<segmented>0</segmented>
	<object>
		<name>laptop</name>
		<pose>Unspecified</pose>
		<truncated>0</truncated>
		<difficult>0</difficult>
		<bndbox>
			<xmin>64</xmin>
			<ymin>62</ymin>
			<xmax>127</xmax>
			<ymax>99</ymax>
		</bndbox>
	</object>
	<object>
		<name>laptop</name>
		<pose>Unspecified</pose>
		<truncated>0</truncated>
		<difficult>0</difficult>
		<bndbox>
			<xmin>126</xmin>
			<ymin>49</ymin>
			<xmax>162</xmax>
			<ymax>69</ymax>
		</bndbox>
	</object>
	<object>
		<name>laptop</name>
		<pose>Unspecified</pose>
		<truncated>0</truncated>
		<difficult>0</difficult>
		<bndbox>
			<xmin>103</xmin>
			<ymin>47</ymin>
			<xmax>128</xmax>
			<ymax>62</ymax>
		</bndbox>
	</object>
</annotation>
