<annotation>
	<folder>laptop</folder>
	<filename>194.jpg</filename>
	<path>/home/lucas/Desktop/datazet/images/laptop/194.jpg</path>
	<source>
		<database>Unknown</database>
	</source>
	<size>
		<width>224</width>
		<height>224</height>
		<depth>3</depth>
	</size>
	<segmented>0</segmented>
	<object>
		<name>laptop</name>
		<pose>Unspecified</pose>
		<truncated>0</truncated>
		<difficult>0</difficult>
		<bndbox>
			<xmin>4</xmin>
			<ymin>89</ymin>
			<xmax>143</xmax>
			<ymax>191</ymax>
		</bndbox>
	</object>
</annotation>
