<annotation>
	<folder>laptop</folder>
	<filename>2.jpg</filename>
	<path>/home/lucas/Desktop/datazet/images/laptop/2.jpg</path>
	<source>
		<database>Unknown</database>
	</source>
	<size>
		<width>224</width>
		<height>224</height>
		<depth>3</depth>
	</size>
	<segmented>0</segmented>
	<object>
		<name>laptop</name>
		<pose>Unspecified</pose>
		<truncated>0</truncated>
		<difficult>0</difficult>
		<bndbox>
			<xmin>85</xmin>
			<ymin>21</ymin>
			<xmax>223</xmax>
			<ymax>156</ymax>
		</bndbox>
	</object>
	<object>
		<name>laptop</name>
		<pose>Unspecified</pose>
		<truncated>0</truncated>
		<difficult>0</difficult>
		<bndbox>
			<xmin>48</xmin>
			<ymin>24</ymin>
			<xmax>220</xmax>
			<ymax>171</ymax>
		</bndbox>
	</object>
	<object>
		<name>laptop</name>
		<pose>Unspecified</pose>
		<truncated>1</truncated>
		<difficult>0</difficult>
		<bndbox>
			<xmin>24</xmin>
			<ymin>36</ymin>
			<xmax>224</xmax>
			<ymax>210</ymax>
		</bndbox>
	</object>
</annotation>
