<annotation>
	<folder>laptop</folder>
	<filename>21.jpg</filename>
	<path>/home/lucas/Desktop/datazet/images/laptop/21.jpg</path>
	<source>
		<database>Unknown</database>
	</source>
	<size>
		<width>224</width>
		<height>224</height>
		<depth>3</depth>
	</size>
	<segmented>0</segmented>
	<object>
		<name>laptop</name>
		<pose>Unspecified</pose>
		<truncated>0</truncated>
		<difficult>0</difficult>
		<bndbox>
			<xmin>104</xmin>
			<ymin>70</ymin>
			<xmax>215</xmax>
			<ymax>191</ymax>
		</bndbox>
	</object>
	<object>
		<name>laptop</name>
		<pose>Unspecified</pose>
		<truncated>1</truncated>
		<difficult>0</difficult>
		<bndbox>
			<xmin>1</xmin>
			<ymin>62</ymin>
			<xmax>52</xmax>
			<ymax>109</ymax>
		</bndbox>
	</object>
</annotation>
