<annotation>
	<folder>laptop</folder>
	<filename>27.jpg</filename>
	<path>/home/lucas/Desktop/datazet/images/laptop/27.jpg</path>
	<source>
		<database>Unknown</database>
	</source>
	<size>
		<width>224</width>
		<height>224</height>
		<depth>3</depth>
	</size>
	<segmented>0</segmented>
	<object>
		<name>laptop</name>
		<pose>Unspecified</pose>
		<truncated>0</truncated>
		<difficult>0</difficult>
		<bndbox>
			<xmin>38</xmin>
			<ymin>152</ymin>
			<xmax>73</xmax>
			<ymax>177</ymax>
		</bndbox>
	</object>
</annotation>
