<annotation>
	<folder>laptop</folder>
	<filename>3.jpg</filename>
	<path>/home/lucas/Desktop/datazet/images/laptop/3.jpg</path>
	<source>
		<database>Unknown</database>
	</source>
	<size>
		<width>224</width>
		<height>224</height>
		<depth>3</depth>
	</size>
	<segmented>0</segmented>
	<object>
		<name>laptop</name>
		<pose>Unspecified</pose>
		<truncated>0</truncated>
		<difficult>0</difficult>
		<bndbox>
			<xmin>101</xmin>
			<ymin>126</ymin>
			<xmax>166</xmax>
			<ymax>197</ymax>
		</bndbox>
	</object>
	<object>
		<name>laptop</name>
		<pose>Unspecified</pose>
		<truncated>1</truncated>
		<difficult>0</difficult>
		<bndbox>
			<xmin>202</xmin>
			<ymin>15</ymin>
			<xmax>224</xmax>
			<ymax>33</ymax>
		</bndbox>
	</object>
</annotation>
