<annotation>
	<folder>laptop</folder>
	<filename>33.jpg</filename>
	<path>/home/lucas/Desktop/datazet/images/laptop/33.jpg</path>
	<source>
		<database>Unknown</database>
	</source>
	<size>
		<width>224</width>
		<height>224</height>
		<depth>3</depth>
	</size>
	<segmented>0</segmented>
	<object>
		<name>laptop</name>
		<pose>Unspecified</pose>
		<truncated>0</truncated>
		<difficult>0</difficult>
		<bndbox>
			<xmin>28</xmin>
			<ymin>97</ymin>
			<xmax>114</xmax>
			<ymax>220</ymax>
		</bndbox>
	</object>
	<object>
		<name>laptop</name>
		<pose>Unspecified</pose>
		<truncated>0</truncated>
		<difficult>0</difficult>
		<bndbox>
			<xmin>133</xmin>
			<ymin>91</ymin>
			<xmax>216</xmax>
			<ymax>219</ymax>
		</bndbox>
	</object>
</annotation>
