<annotation>
	<folder>laptop</folder>
	<filename>57.jpg</filename>
	<path>/home/lucas/Desktop/datazet/images/laptop/57.jpg</path>
	<source>
		<database>Unknown</database>
	</source>
	<size>
		<width>224</width>
		<height>224</height>
		<depth>3</depth>
	</size>
	<segmented>0</segmented>
	<object>
		<name>laptop</name>
		<pose>Unspecified</pose>
		<truncated>0</truncated>
		<difficult>0</difficult>
		<bndbox>
			<xmin>63</xmin>
			<ymin>96</ymin>
			<xmax>110</xmax>
			<ymax>125</ymax>
		</bndbox>
	</object>
</annotation>
