<annotation>
	<folder>laptop</folder>
	<filename>60.jpg</filename>
	<path>/home/lucas/Desktop/datazet/images/laptop/60.jpg</path>
	<source>
		<database>Unknown</database>
	</source>
	<size>
		<width>224</width>
		<height>224</height>
		<depth>3</depth>
	</size>
	<segmented>0</segmented>
	<object>
		<name>laptop</name>
		<pose>Unspecified</pose>
		<truncated>0</truncated>
		<difficult>0</difficult>
		<bndbox>
			<xmin>83</xmin>
			<ymin>69</ymin>
			<xmax>170</xmax>
			<ymax>150</ymax>
		</bndbox>
	</object>
</annotation>
