<annotation>
	<folder>laptop</folder>
	<filename>62.jpg</filename>
	<path>/home/lucas/Desktop/datazet/images/laptop/62.jpg</path>
	<source>
		<database>Unknown</database>
	</source>
	<size>
		<width>224</width>
		<height>224</height>
		<depth>3</depth>
	</size>
	<segmented>0</segmented>
	<object>
		<name>laptop</name>
		<pose>Unspecified</pose>
		<truncated>1</truncated>
		<difficult>0</difficult>
		<bndbox>
			<xmin>18</xmin>
			<ymin>1</ymin>
			<xmax>155</xmax>
			<ymax>193</ymax>
		</bndbox>
	</object>
</annotation>
