<annotation>
	<folder>laptop</folder>
	<filename>66.jpg</filename>
	<path>/home/lucas/Desktop/datazet/images/laptop/66.jpg</path>
	<source>
		<database>Unknown</database>
	</source>
	<size>
		<width>224</width>
		<height>224</height>
		<depth>3</depth>
	</size>
	<segmented>0</segmented>
	<object>
		<name>laptop</name>
		<pose>Unspecified</pose>
		<truncated>0</truncated>
		<difficult>0</difficult>
		<bndbox>
			<xmin>69</xmin>
			<ymin>121</ymin>
			<xmax>114</xmax>
			<ymax>156</ymax>
		</bndbox>
	</object>
</annotation>
