<annotation>
	<folder>laptop</folder>
	<filename>67.jpg</filename>
	<path>/home/lucas/Desktop/datazet/images/laptop/67.jpg</path>
	<source>
		<database>Unknown</database>
	</source>
	<size>
		<width>224</width>
		<height>224</height>
		<depth>3</depth>
	</size>
	<segmented>0</segmented>
	<object>
		<name>laptop</name>
		<pose>Unspecified</pose>
		<truncated>0</truncated>
		<difficult>0</difficult>
		<bndbox>
			<xmin>72</xmin>
			<ymin>57</ymin>
			<xmax>163</xmax>
			<ymax>166</ymax>
		</bndbox>
	</object>
</annotation>
