<annotation>
	<folder>laptop</folder>
	<filename>68.jpg</filename>
	<path>/home/lucas/Desktop/datazet/images/laptop/68.jpg</path>
	<source>
		<database>Unknown</database>
	</source>
	<size>
		<width>224</width>
		<height>224</height>
		<depth>3</depth>
	</size>
	<segmented>0</segmented>
	<object>
		<name>laptop</name>
		<pose>Unspecified</pose>
		<truncated>0</truncated>
		<difficult>0</difficult>
		<bndbox>
			<xmin>36</xmin>
			<ymin>148</ymin>
			<xmax>138</xmax>
			<ymax>208</ymax>
		</bndbox>
	</object>
	<object>
		<name>laptop</name>
		<pose>Unspecified</pose>
		<truncated>0</truncated>
		<difficult>0</difficult>
		<bndbox>
			<xmin>122</xmin>
			<ymin>136</ymin>
			<xmax>161</xmax>
			<ymax>178</ymax>
		</bndbox>
	</object>
</annotation>
