<annotation>
	<folder>laptop</folder>
	<filename>72.jpg</filename>
	<path>/home/lucas/Desktop/datazet/images/laptop/72.jpg</path>
	<source>
		<database>Unknown</database>
	</source>
	<size>
		<width>224</width>
		<height>224</height>
		<depth>3</depth>
	</size>
	<segmented>0</segmented>
	<object>
		<name>laptop</name>
		<pose>Unspecified</pose>
		<truncated>1</truncated>
		<difficult>0</difficult>
		<bndbox>
			<xmin>47</xmin>
			<ymin>2</ymin>
			<xmax>224</xmax>
			<ymax>177</ymax>
		</bndbox>
	</object>
</annotation>
