<annotation>
	<folder>laptop</folder>
	<filename>76.jpg</filename>
	<path>/home/lucas/Desktop/datazet/images/laptop/76.jpg</path>
	<source>
		<database>Unknown</database>
	</source>
	<size>
		<width>224</width>
		<height>224</height>
		<depth>3</depth>
	</size>
	<segmented>0</segmented>
	<object>
		<name>laptop</name>
		<pose>Unspecified</pose>
		<truncated>0</truncated>
		<difficult>0</difficult>
		<bndbox>
			<xmin>33</xmin>
			<ymin>25</ymin>
			<xmax>205</xmax>
			<ymax>219</ymax>
		</bndbox>
	</object>
</annotation>
