<annotation>
	<folder>laptop</folder>
	<filename>79.jpg</filename>
	<path>/home/lucas/Desktop/datazet/images/laptop/79.jpg</path>
	<source>
		<database>Unknown</database>
	</source>
	<size>
		<width>224</width>
		<height>224</height>
		<depth>3</depth>
	</size>
	<segmented>0</segmented>
	<object>
		<name>laptop</name>
		<pose>Unspecified</pose>
		<truncated>0</truncated>
		<difficult>0</difficult>
		<bndbox>
			<xmin>167</xmin>
			<ymin>122</ymin>
			<xmax>221</xmax>
			<ymax>193</ymax>
		</bndbox>
	</object>
</annotation>
