<annotation>
	<folder>laptop</folder>
	<filename>87.jpg</filename>
	<path>/home/lucas/Desktop/datazet/images/laptop/87.jpg</path>
	<source>
		<database>Unknown</database>
	</source>
	<size>
		<width>224</width>
		<height>224</height>
		<depth>3</depth>
	</size>
	<segmented>0</segmented>
	<object>
		<name>laptop</name>
		<pose>Unspecified</pose>
		<truncated>0</truncated>
		<difficult>0</difficult>
		<bndbox>
			<xmin>4</xmin>
			<ymin>64</ymin>
			<xmax>119</xmax>
			<ymax>196</ymax>
		</bndbox>
	</object>
</annotation>
