<annotation>
	<folder>laptop</folder>
	<filename>91.jpg</filename>
	<path>/home/lucas/Desktop/datazet/images/laptop/91.jpg</path>
	<source>
		<database>Unknown</database>
	</source>
	<size>
		<width>224</width>
		<height>224</height>
		<depth>3</depth>
	</size>
	<segmented>0</segmented>
	<object>
		<name>laptop</name>
		<pose>Unspecified</pose>
		<truncated>1</truncated>
		<difficult>0</difficult>
		<bndbox>
			<xmin>110</xmin>
			<ymin>97</ymin>
			<xmax>209</xmax>
			<ymax>224</ymax>
		</bndbox>
	</object>
	<object>
		<name>laptop</name>
		<pose>Unspecified</pose>
		<truncated>0</truncated>
		<difficult>0</difficult>
		<bndbox>
			<xmin>64</xmin>
			<ymin>77</ymin>
			<xmax>153</xmax>
			<ymax>177</ymax>
		</bndbox>
	</object>
</annotation>
