<annotation>
	<folder>laptop</folder>
	<filename>98.jpg</filename>
	<path>/home/lucas/Desktop/datazet/images/laptop/98.jpg</path>
	<source>
		<database>Unknown</database>
	</source>
	<size>
		<width>224</width>
		<height>224</height>
		<depth>3</depth>
	</size>
	<segmented>0</segmented>
	<object>
		<name>laptop</name>
		<pose>Unspecified</pose>
		<truncated>0</truncated>
		<difficult>0</difficult>
		<bndbox>
			<xmin>2</xmin>
			<ymin>102</ymin>
			<xmax>87</xmax>
			<ymax>191</ymax>
		</bndbox>
	</object>
</annotation>
